model,batch,residency_pct,precision,bw_gbps,e_union,bytes_per_layer,t_transfer_ms,t_compute_ms,compute_provenance,rho,required_bw_gbps_for_rho1
olmoe,1,0.0,fp16,16,8.0,100663296.0,6.291456,2.9918726973235605,measured_here,2.102848829640428,33.64558127424685
olmoe,1,0.0,fp16,32,8.0,100663296.0,3.145728,2.9918726973235605,measured_here,1.051424414820214,33.64558127424685
olmoe,1,0.0,fp16,64,8.0,100663296.0,1.572864,2.9918726973235605,measured_here,0.525712207410107,33.64558127424685
olmoe,1,0.0,fp16,128,8.0,100663296.0,0.786432,2.9918726973235605,measured_here,0.2628561037050535,33.64558127424685
olmoe,1,12.5,fp16,16,8.0,88080384.0,5.505024,2.9918726973235605,measured_here,1.8399927259353746,29.439883614965996
olmoe,1,12.5,fp16,32,8.0,88080384.0,2.752512,2.9918726973235605,measured_here,0.9199963629676873,29.439883614965996
olmoe,1,12.5,fp16,64,8.0,88080384.0,1.376256,2.9918726973235605,measured_here,0.45999818148384364,29.439883614965996
olmoe,1,12.5,fp16,128,8.0,88080384.0,0.688128,2.9918726973235605,measured_here,0.22999909074192182,29.439883614965996
olmoe,1,25.0,fp16,16,8.0,75497472.0,4.718592,2.9918726973235605,measured_here,1.5771366222303211,25.23418595568514
olmoe,1,25.0,fp16,32,8.0,75497472.0,2.359296,2.9918726973235605,measured_here,0.7885683111151606,25.23418595568514
olmoe,1,25.0,fp16,64,8.0,75497472.0,1.179648,2.9918726973235605,measured_here,0.3942841555575803,25.23418595568514
olmoe,1,25.0,fp16,128,8.0,75497472.0,0.589824,2.9918726973235605,measured_here,0.19714207777879014,25.23418595568514
olmoe,1,37.5,fp16,16,8.0,62914560.0,3.9321599999999997,2.9918726973235605,measured_here,1.3142805185252675,21.02848829640428
olmoe,1,37.5,fp16,32,8.0,62914560.0,1.9660799999999998,2.9918726973235605,measured_here,0.6571402592626338,21.02848829640428
olmoe,1,37.5,fp16,64,8.0,62914560.0,0.9830399999999999,2.9918726973235605,measured_here,0.3285701296313169,21.02848829640428
olmoe,1,37.5,fp16,128,8.0,62914560.0,0.49151999999999996,2.9918726973235605,measured_here,0.16428506481565844,21.02848829640428
olmoe,1,50.0,fp16,16,8.0,50331648.0,3.145728,2.9918726973235605,measured_here,1.051424414820214,16.822790637123425
olmoe,1,50.0,fp16,32,8.0,50331648.0,1.572864,2.9918726973235605,measured_here,0.525712207410107,16.822790637123425
olmoe,1,50.0,fp16,64,8.0,50331648.0,0.786432,2.9918726973235605,measured_here,0.2628561037050535,16.822790637123425
olmoe,1,50.0,fp16,128,8.0,50331648.0,0.393216,2.9918726973235605,measured_here,0.13142805185252676,16.822790637123425
olmoe,1,75.0,fp16,16,8.0,25165824.0,1.572864,2.9918726973235605,measured_here,0.525712207410107,8.411395318561713
olmoe,1,75.0,fp16,32,8.0,25165824.0,0.786432,2.9918726973235605,measured_here,0.2628561037050535,8.411395318561713
olmoe,1,75.0,fp16,64,8.0,25165824.0,0.393216,2.9918726973235605,measured_here,0.13142805185252676,8.411395318561713
olmoe,1,75.0,fp16,128,8.0,25165824.0,0.196608,2.9918726973235605,measured_here,0.06571402592626338,8.411395318561713
olmoe,1,0.0,nf4,16,8.0,25964838.912,1.622802432,2.9918726973235605,measured_here,0.542403569995378,8.678457119926046
olmoe,1,0.0,nf4,32,8.0,25964838.912,0.811401216,2.9918726973235605,measured_here,0.271201784997689,8.678457119926046
olmoe,1,0.0,nf4,64,8.0,25964838.912,0.405700608,2.9918726973235605,measured_here,0.1356008924988445,8.678457119926046
olmoe,1,0.0,nf4,128,8.0,25964838.912,0.202850304,2.9918726973235605,measured_here,0.06780044624942225,8.678457119926046
olmoe,1,12.5,nf4,16,8.0,22719234.048,1.419952128,2.9918726973235605,measured_here,0.4746031237459557,7.593649979935291
olmoe,1,12.5,nf4,32,8.0,22719234.048,0.709976064,2.9918726973235605,measured_here,0.23730156187297785,7.593649979935291
olmoe,1,12.5,nf4,64,8.0,22719234.048,0.354988032,2.9918726973235605,measured_here,0.11865078093648893,7.593649979935291
olmoe,1,12.5,nf4,128,8.0,22719234.048,0.177494016,2.9918726973235605,measured_here,0.05932539046824446,7.593649979935291
olmoe,1,25.0,nf4,16,8.0,19473629.184,1.2171018240000002,2.9918726973235605,measured_here,0.40680267749653354,6.508842839944535
olmoe,1,25.0,nf4,32,8.0,19473629.184,0.6085509120000001,2.9918726973235605,measured_here,0.20340133874826677,6.508842839944535
olmoe,1,25.0,nf4,64,8.0,19473629.184,0.30427545600000006,2.9918726973235605,measured_here,0.10170066937413338,6.508842839944535
olmoe,1,25.0,nf4,128,8.0,19473629.184,0.15213772800000003,2.9918726973235605,measured_here,0.05085033468706669,6.508842839944535
olmoe,1,37.5,nf4,16,8.0,16228024.32,1.01425152,2.9918726973235605,measured_here,0.3390022312471112,5.424035699953779
olmoe,1,37.5,nf4,32,8.0,16228024.32,0.50712576,2.9918726973235605,measured_here,0.1695011156235556,5.424035699953779
olmoe,1,37.5,nf4,64,8.0,16228024.32,0.25356288,2.9918726973235605,measured_here,0.0847505578117778,5.424035699953779
olmoe,1,37.5,nf4,128,8.0,16228024.32,0.12678144,2.9918726973235605,measured_here,0.0423752789058889,5.424035699953779
olmoe,1,50.0,nf4,16,8.0,12982419.456,0.811401216,2.9918726973235605,measured_here,0.271201784997689,4.339228559963023
olmoe,1,50.0,nf4,32,8.0,12982419.456,0.405700608,2.9918726973235605,measured_here,0.1356008924988445,4.339228559963023
olmoe,1,50.0,nf4,64,8.0,12982419.456,0.202850304,2.9918726973235605,measured_here,0.06780044624942225,4.339228559963023
olmoe,1,50.0,nf4,128,8.0,12982419.456,0.101425152,2.9918726973235605,measured_here,0.033900223124711124,4.339228559963023
olmoe,1,75.0,nf4,16,8.0,6491209.728,0.405700608,2.9918726973235605,measured_here,0.1356008924988445,2.1696142799815115
olmoe,1,75.0,nf4,32,8.0,6491209.728,0.202850304,2.9918726973235605,measured_here,0.06780044624942225,2.1696142799815115
olmoe,1,75.0,nf4,64,8.0,6491209.728,0.101425152,2.9918726973235605,measured_here,0.033900223124711124,2.1696142799815115
olmoe,1,75.0,nf4,128,8.0,6491209.728,0.050712576,2.9918726973235605,measured_here,0.016950111562355562,2.1696142799815115
olmoe,8,0.0,fp16,16,36.654125,461215629.31200004,28.825976832000002,3.0387732036411763,measured_here,9.486057333090734,151.77691732945175
olmoe,8,0.0,fp16,32,36.654125,461215629.31200004,14.412988416000001,3.0387732036411763,measured_here,4.743028666545367,151.77691732945175
olmoe,8,0.0,fp16,64,36.654125,461215629.31200004,7.2064942080000005,3.0387732036411763,measured_here,2.3715143332726836,151.77691732945175
olmoe,8,0.0,fp16,128,36.654125,461215629.31200004,3.6032471040000003,3.0387732036411763,measured_here,1.1857571666363418,151.77691732945175
olmoe,8,12.5,fp16,16,36.654125,403563675.648,25.222729728,3.0387732036411763,measured_here,8.300300166454392,132.80480266327027
olmoe,8,12.5,fp16,32,36.654125,403563675.648,12.611364864,3.0387732036411763,measured_here,4.150150083227196,132.80480266327027
olmoe,8,12.5,fp16,64,36.654125,403563675.648,6.305682432,3.0387732036411763,measured_here,2.075075041613598,132.80480266327027
olmoe,8,12.5,fp16,128,36.654125,403563675.648,3.152841216,3.0387732036411763,measured_here,1.037537520806799,132.80480266327027
olmoe,8,25.0,fp16,16,36.654125,345911721.984,21.619482624000003,3.0387732036411763,measured_here,7.114542999818051,113.83268799708881
olmoe,8,25.0,fp16,32,36.654125,345911721.984,10.809741312000002,3.0387732036411763,measured_here,3.5572714999090254,113.83268799708881
olmoe,8,25.0,fp16,64,36.654125,345911721.984,5.404870656000001,3.0387732036411763,measured_here,1.7786357499545127,113.83268799708881
olmoe,8,25.0,fp16,128,36.654125,345911721.984,2.7024353280000004,3.0387732036411763,measured_here,0.8893178749772563,113.83268799708881
olmoe,8,37.5,fp16,16,36.654125,288259768.32000005,18.016235520000002,3.0387732036411763,measured_here,5.928785833181709,94.86057333090734
olmoe,8,37.5,fp16,32,36.654125,288259768.32000005,9.008117760000001,3.0387732036411763,measured_here,2.9643929165908545,94.86057333090734
olmoe,8,37.5,fp16,64,36.654125,288259768.32000005,4.5040588800000005,3.0387732036411763,measured_here,1.4821964582954272,94.86057333090734
olmoe,8,37.5,fp16,128,36.654125,288259768.32000005,2.2520294400000003,3.0387732036411763,measured_here,0.7410982291477136,94.86057333090734
olmoe,8,50.0,fp16,16,36.654125,230607814.65600002,14.412988416000001,3.0387732036411763,measured_here,4.743028666545367,75.88845866472587
olmoe,8,50.0,fp16,32,36.654125,230607814.65600002,7.2064942080000005,3.0387732036411763,measured_here,2.3715143332726836,75.88845866472587
olmoe,8,50.0,fp16,64,36.654125,230607814.65600002,3.6032471040000003,3.0387732036411763,measured_here,1.1857571666363418,75.88845866472587
olmoe,8,50.0,fp16,128,36.654125,230607814.65600002,1.8016235520000001,3.0387732036411763,measured_here,0.5928785833181709,75.88845866472587
olmoe,8,75.0,fp16,16,36.654125,115303907.32800001,7.2064942080000005,3.0387732036411763,measured_here,2.3715143332726836,37.94422933236294
olmoe,8,75.0,fp16,32,36.654125,115303907.32800001,3.6032471040000003,3.0387732036411763,measured_here,1.1857571666363418,37.94422933236294
olmoe,8,75.0,fp16,64,36.654125,115303907.32800001,1.8016235520000001,3.0387732036411763,measured_here,0.5928785833181709,37.94422933236294
olmoe,8,75.0,fp16,128,36.654125,115303907.32800001,0.9008117760000001,3.0387732036411763,measured_here,0.29643929165908545,37.94422933236294
olmoe,8,0.0,nf4,16,36.654125,118964806.385664,7.435300399104,3.0387732036411763,measured_here,2.446809913354091,39.14895861366546
olmoe,8,0.0,nf4,32,36.654125,118964806.385664,3.717650199552,3.0387732036411763,measured_here,1.2234049566770455,39.14895861366546
olmoe,8,0.0,nf4,64,36.654125,118964806.385664,1.858825099776,3.0387732036411763,measured_here,0.6117024783385228,39.14895861366546
olmoe,8,0.0,nf4,128,36.654125,118964806.385664,0.929412549888,3.0387732036411763,measured_here,0.3058512391692614,39.14895861366546
olmoe,8,12.5,nf4,16,36.654125,104094205.587456,6.505887849216,3.0387732036411763,measured_here,2.1409586741848297,34.255338786957275
olmoe,8,12.5,nf4,32,36.654125,104094205.587456,3.252943924608,3.0387732036411763,measured_here,1.0704793370924148,34.255338786957275
olmoe,8,12.5,nf4,64,36.654125,104094205.587456,1.626471962304,3.0387732036411763,measured_here,0.5352396685462074,34.255338786957275
olmoe,8,12.5,nf4,128,36.654125,104094205.587456,0.813235981152,3.0387732036411763,measured_here,0.2676198342731037,34.255338786957275
olmoe,8,25.0,nf4,16,36.654125,89223604.789248,5.576475299328,3.0387732036411763,measured_here,1.8351074350155683,29.361718960249092
olmoe,8,25.0,nf4,32,36.654125,89223604.789248,2.788237649664,3.0387732036411763,measured_here,0.9175537175077841,29.361718960249092
olmoe,8,25.0,nf4,64,36.654125,89223604.789248,1.394118824832,3.0387732036411763,measured_here,0.45877685875389207,29.361718960249092
olmoe,8,25.0,nf4,128,36.654125,89223604.789248,0.697059412416,3.0387732036411763,measured_here,0.22938842937694603,29.361718960249092
olmoe,8,37.5,nf4,16,36.654125,74353003.99104,4.64706274944,3.0387732036411763,measured_here,1.529256195846307,24.468099133540914
olmoe,8,37.5,nf4,32,36.654125,74353003.99104,2.32353137472,3.0387732036411763,measured_here,0.7646280979231534,24.468099133540914
olmoe,8,37.5,nf4,64,36.654125,74353003.99104,1.16176568736,3.0387732036411763,measured_here,0.3823140489615767,24.468099133540914
olmoe,8,37.5,nf4,128,36.654125,74353003.99104,0.58088284368,3.0387732036411763,measured_here,0.19115702448078836,24.468099133540914
olmoe,8,50.0,nf4,16,36.654125,59482403.192832,3.717650199552,3.0387732036411763,measured_here,1.2234049566770455,19.57447930683273
olmoe,8,50.0,nf4,32,36.654125,59482403.192832,1.858825099776,3.0387732036411763,measured_here,0.6117024783385228,19.57447930683273
olmoe,8,50.0,nf4,64,36.654125,59482403.192832,0.929412549888,3.0387732036411763,measured_here,0.3058512391692614,19.57447930683273
olmoe,8,50.0,nf4,128,36.654125,59482403.192832,0.464706274944,3.0387732036411763,measured_here,0.1529256195846307,19.57447930683273
olmoe,8,75.0,nf4,16,36.654125,29741201.596416,1.858825099776,3.0387732036411763,measured_here,0.6117024783385228,9.787239653416364
olmoe,8,75.0,nf4,32,36.654125,29741201.596416,0.929412549888,3.0387732036411763,measured_here,0.3058512391692614,9.787239653416364
olmoe,8,75.0,nf4,64,36.654125,29741201.596416,0.464706274944,3.0387732036411763,measured_here,0.1529256195846307,9.787239653416364
olmoe,8,75.0,nf4,128,36.654125,29741201.596416,0.232353137472,3.0387732036411763,measured_here,0.07646280979231534,9.787239653416364
olmoe,32,0.0,fp16,16,58.734,739044753.408,46.190297088,3.0997449971735476,measured_here,14.901321602298859,238.42114563678174
olmoe,32,0.0,fp16,32,58.734,739044753.408,23.095148544,3.0997449971735476,measured_here,7.4506608011494295,238.42114563678174
olmoe,32,0.0,fp16,64,58.734,739044753.408,11.547574272,3.0997449971735476,measured_here,3.7253304005747148,238.42114563678174
olmoe,32,0.0,fp16,128,58.734,739044753.408,5.773787136,3.0997449971735476,measured_here,1.8626652002873574,238.42114563678174
olmoe,32,12.5,fp16,16,58.734,646664159.232,40.416509952000006,3.0997449971735476,measured_here,13.038656402011503,208.61850243218402
olmoe,32,12.5,fp16,32,58.734,646664159.232,20.208254976000003,3.0997449971735476,measured_here,6.519328201005751,208.61850243218402
olmoe,32,12.5,fp16,64,58.734,646664159.232,10.104127488000001,3.0997449971735476,measured_here,3.2596641005028757,208.61850243218402
olmoe,32,12.5,fp16,128,58.734,646664159.232,5.052063744000001,3.0997449971735476,measured_here,1.6298320502514378,208.61850243218402
olmoe,32,25.0,fp16,16,58.734,554283565.056,34.642722815999996,3.0997449971735476,measured_here,11.175991201724143,178.81585922758632
olmoe,32,25.0,fp16,32,58.734,554283565.056,17.321361407999998,3.0997449971735476,measured_here,5.5879956008620715,178.81585922758632
olmoe,32,25.0,fp16,64,58.734,554283565.056,8.660680703999999,3.0997449971735476,measured_here,2.7939978004310357,178.81585922758632
olmoe,32,25.0,fp16,128,58.734,554283565.056,4.3303403519999994,3.0997449971735476,measured_here,1.3969989002155179,178.81585922758632
olmoe,32,37.5,fp16,16,58.734,461902970.88,28.86893568,3.0997449971735476,measured_here,9.313326001436787,149.0132160229886
olmoe,32,37.5,fp16,32,58.734,461902970.88,14.43446784,3.0997449971735476,measured_here,4.656663000718393,149.0132160229886
olmoe,32,37.5,fp16,64,58.734,461902970.88,7.21723392,3.0997449971735476,measured_here,2.3283315003591967,149.0132160229886
olmoe,32,37.5,fp16,128,58.734,461902970.88,3.60861696,3.0997449971735476,measured_here,1.1641657501795983,149.0132160229886
olmoe,32,50.0,fp16,16,58.734,369522376.704,23.095148544,3.0997449971735476,measured_here,7.4506608011494295,119.21057281839087
olmoe,32,50.0,fp16,32,58.734,369522376.704,11.547574272,3.0997449971735476,measured_here,3.7253304005747148,119.21057281839087
olmoe,32,50.0,fp16,64,58.734,369522376.704,5.773787136,3.0997449971735476,measured_here,1.8626652002873574,119.21057281839087
olmoe,32,50.0,fp16,128,58.734,369522376.704,2.886893568,3.0997449971735476,measured_here,0.9313326001436787,119.21057281839087
olmoe,32,75.0,fp16,16,58.734,184761188.352,11.547574272,3.0997449971735476,measured_here,3.7253304005747148,59.605286409195436
olmoe,32,75.0,fp16,32,58.734,184761188.352,5.773787136,3.0997449971735476,measured_here,1.8626652002873574,59.605286409195436
olmoe,32,75.0,fp16,64,58.734,184761188.352,2.886893568,3.0997449971735476,measured_here,0.9313326001436787,59.605286409195436
olmoe,32,75.0,fp16,128,58.734,184761188.352,1.443446784,3.0997449971735476,measured_here,0.46566630007183935,59.605286409195436
olmoe,32,0.0,nf4,16,58.734,190627356.082176,11.914209755136,3.0997449971735476,measured_here,3.8436096407929616,61.49775425268739
olmoe,32,0.0,nf4,32,58.734,190627356.082176,5.957104877568,3.0997449971735476,measured_here,1.9218048203964808,61.49775425268739
olmoe,32,0.0,nf4,64,58.734,190627356.082176,2.978552438784,3.0997449971735476,measured_here,0.9609024101982404,61.49775425268739
olmoe,32,0.0,nf4,128,58.734,190627356.082176,1.489276219392,3.0997449971735476,measured_here,0.4804512050991202,61.49775425268739
olmoe,32,12.5,nf4,16,58.734,166798936.571904,10.424933535744,3.0997449971735476,measured_here,3.3631584356938418,53.81053497110147
olmoe,32,12.5,nf4,32,58.734,166798936.571904,5.212466767872,3.0997449971735476,measured_here,1.6815792178469209,53.81053497110147
olmoe,32,12.5,nf4,64,58.734,166798936.571904,2.606233383936,3.0997449971735476,measured_here,0.8407896089234604,53.81053497110147
olmoe,32,12.5,nf4,128,58.734,166798936.571904,1.303116691968,3.0997449971735476,measured_here,0.4203948044617302,53.81053497110147
olmoe,32,25.0,nf4,16,58.734,142970517.061632,8.935657316352,3.0997449971735476,measured_here,2.8827072305947214,46.12331568951555
olmoe,32,25.0,nf4,32,58.734,142970517.061632,4.467828658176,3.0997449971735476,measured_here,1.4413536152973607,46.12331568951555
olmoe,32,25.0,nf4,64,58.734,142970517.061632,2.233914329088,3.0997449971735476,measured_here,0.7206768076486804,46.12331568951555
olmoe,32,25.0,nf4,128,58.734,142970517.061632,1.116957164544,3.0997449971735476,measured_here,0.3603384038243402,46.12331568951555
olmoe,32,37.5,nf4,16,58.734,119142097.55136,7.44638109696,3.0997449971735476,measured_here,2.402256025495601,38.43609640792962
olmoe,32,37.5,nf4,32,58.734,119142097.55136,3.72319054848,3.0997449971735476,measured_here,1.2011280127478006,38.43609640792962
olmoe,32,37.5,nf4,64,58.734,119142097.55136,1.86159527424,3.0997449971735476,measured_here,0.6005640063739003,38.43609640792962
olmoe,32,37.5,nf4,128,58.734,119142097.55136,0.93079763712,3.0997449971735476,measured_here,0.30028200318695014,38.43609640792962
olmoe,32,50.0,nf4,16,58.734,95313678.041088,5.957104877568,3.0997449971735476,measured_here,1.9218048203964808,30.748877126343697
olmoe,32,50.0,nf4,32,58.734,95313678.041088,2.978552438784,3.0997449971735476,measured_here,0.9609024101982404,30.748877126343697
olmoe,32,50.0,nf4,64,58.734,95313678.041088,1.489276219392,3.0997449971735476,measured_here,0.4804512050991202,30.748877126343697
olmoe,32,50.0,nf4,128,58.734,95313678.041088,0.744638109696,3.0997449971735476,measured_here,0.2402256025495601,30.748877126343697
olmoe,32,75.0,nf4,16,58.734,47656839.020544,2.978552438784,3.0997449971735476,measured_here,0.9609024101982404,15.374438563171848
olmoe,32,75.0,nf4,32,58.734,47656839.020544,1.489276219392,3.0997449971735476,measured_here,0.4804512050991202,15.374438563171848
olmoe,32,75.0,nf4,64,58.734,47656839.020544,0.744638109696,3.0997449971735476,measured_here,0.2402256025495601,15.374438563171848
olmoe,32,75.0,nf4,128,58.734,47656839.020544,0.372319054848,3.0997449971735476,measured_here,0.12011280127478005,15.374438563171848
mixtral,1,0.0,fp16,16,2.0,704643072.0,44.040192,0.7606208026409149,measured_here,57.90032542771663,926.4052068434661
mixtral,1,0.0,fp16,32,2.0,704643072.0,22.020096,0.7606208026409149,measured_here,28.950162713858315,926.4052068434661
mixtral,1,0.0,fp16,64,2.0,704643072.0,11.010048,0.7606208026409149,measured_here,14.475081356929158,926.4052068434661
mixtral,1,0.0,fp16,128,2.0,704643072.0,5.505024,0.7606208026409149,measured_here,7.237540678464579,926.4052068434661
mixtral,1,12.5,fp16,16,2.0,616562688.0,38.535168,0.7606208026409149,measured_here,50.662784749252054,810.6045559880329
mixtral,1,12.5,fp16,32,2.0,616562688.0,19.267584,0.7606208026409149,measured_here,25.331392374626027,810.6045559880329
mixtral,1,12.5,fp16,64,2.0,616562688.0,9.633792,0.7606208026409149,measured_here,12.665696187313014,810.6045559880329
mixtral,1,12.5,fp16,128,2.0,616562688.0,4.816896,0.7606208026409149,measured_here,6.332848093656507,810.6045559880329
mixtral,1,25.0,fp16,16,2.0,528482304.0,33.030144,0.7606208026409149,measured_here,43.42524407078747,694.8039051325997
mixtral,1,25.0,fp16,32,2.0,528482304.0,16.515072,0.7606208026409149,measured_here,21.712622035393736,694.8039051325997
mixtral,1,25.0,fp16,64,2.0,528482304.0,8.257536,0.7606208026409149,measured_here,10.856311017696868,694.8039051325997
mixtral,1,25.0,fp16,128,2.0,528482304.0,4.128768,0.7606208026409149,measured_here,5.428155508848434,694.8039051325997
mixtral,1,37.5,fp16,16,2.0,440401920.0,27.52512,0.7606208026409149,measured_here,36.187703392322895,579.0032542771662
mixtral,1,37.5,fp16,32,2.0,440401920.0,13.76256,0.7606208026409149,measured_here,18.093851696161448,579.0032542771662
mixtral,1,37.5,fp16,64,2.0,440401920.0,6.88128,0.7606208026409149,measured_here,9.046925848080724,579.0032542771662
mixtral,1,37.5,fp16,128,2.0,440401920.0,3.44064,0.7606208026409149,measured_here,4.523462924040362,579.0032542771662
mixtral,1,50.0,fp16,16,2.0,352321536.0,22.020096,0.7606208026409149,measured_here,28.950162713858315,463.20260342173304
mixtral,1,50.0,fp16,32,2.0,352321536.0,11.010048,0.7606208026409149,measured_here,14.475081356929158,463.20260342173304
mixtral,1,50.0,fp16,64,2.0,352321536.0,5.505024,0.7606208026409149,measured_here,7.237540678464579,463.20260342173304
mixtral,1,50.0,fp16,128,2.0,352321536.0,2.752512,0.7606208026409149,measured_here,3.6187703392322894,463.20260342173304
mixtral,1,75.0,fp16,16,2.0,176160768.0,11.010048,0.7606208026409149,measured_here,14.475081356929158,231.60130171086652
mixtral,1,75.0,fp16,32,2.0,176160768.0,5.505024,0.7606208026409149,measured_here,7.237540678464579,231.60130171086652
mixtral,1,75.0,fp16,64,2.0,176160768.0,2.752512,0.7606208026409149,measured_here,3.6187703392322894,231.60130171086652
mixtral,1,75.0,fp16,128,2.0,176160768.0,1.376256,0.7606208026409149,measured_here,1.8093851696161447,231.60130171086652
mixtral,1,0.0,nf4,16,2.0,181753872.384,11.359617024,0.7606208026409149,measured_here,14.934665190011659,238.95464304018657
mixtral,1,0.0,nf4,32,2.0,181753872.384,5.679808512,0.7606208026409149,measured_here,7.467332595005829,238.95464304018657
mixtral,1,0.0,nf4,64,2.0,181753872.384,2.839904256,0.7606208026409149,measured_here,3.7336662975029147,238.95464304018657
mixtral,1,0.0,nf4,128,2.0,181753872.384,1.419952128,0.7606208026409149,measured_here,1.8668331487514573,238.95464304018657
mixtral,1,12.5,nf4,16,2.0,159034638.336,9.939664895999998,0.7606208026409149,measured_here,13.0678320412602,209.0853126601632
mixtral,1,12.5,nf4,32,2.0,159034638.336,4.969832447999999,0.7606208026409149,measured_here,6.5339160206301,209.0853126601632
mixtral,1,12.5,nf4,64,2.0,159034638.336,2.4849162239999996,0.7606208026409149,measured_here,3.26695801031505,209.0853126601632
mixtral,1,12.5,nf4,128,2.0,159034638.336,1.2424581119999998,0.7606208026409149,measured_here,1.633479005157525,209.0853126601632
mixtral,1,25.0,nf4,16,2.0,136315404.288,8.519712768,0.7606208026409149,measured_here,11.200998892508744,179.21598228013988
mixtral,1,25.0,nf4,32,2.0,136315404.288,4.259856384,0.7606208026409149,measured_here,5.600499446254372,179.21598228013988
mixtral,1,25.0,nf4,64,2.0,136315404.288,2.129928192,0.7606208026409149,measured_here,2.800249723127186,179.21598228013988
mixtral,1,25.0,nf4,128,2.0,136315404.288,1.064964096,0.7606208026409149,measured_here,1.400124861563593,179.21598228013988
mixtral,1,37.5,nf4,16,2.0,113596170.24000001,7.099760640000001,0.7606208026409149,measured_here,9.33416574375729,149.3466519001166
mixtral,1,37.5,nf4,32,2.0,113596170.24000001,3.5498803200000006,0.7606208026409149,measured_here,4.667082871878645,149.3466519001166
mixtral,1,37.5,nf4,64,2.0,113596170.24000001,1.7749401600000003,0.7606208026409149,measured_here,2.3335414359393223,149.3466519001166
mixtral,1,37.5,nf4,128,2.0,113596170.24000001,0.8874700800000002,0.7606208026409149,measured_here,1.1667707179696611,149.3466519001166
mixtral,1,50.0,nf4,16,2.0,90876936.192,5.679808512,0.7606208026409149,measured_here,7.467332595005829,119.47732152009328
mixtral,1,50.0,nf4,32,2.0,90876936.192,2.839904256,0.7606208026409149,measured_here,3.7336662975029147,119.47732152009328
mixtral,1,50.0,nf4,64,2.0,90876936.192,1.419952128,0.7606208026409149,measured_here,1.8668331487514573,119.47732152009328
mixtral,1,50.0,nf4,128,2.0,90876936.192,0.709976064,0.7606208026409149,measured_here,0.9334165743757287,119.47732152009328
mixtral,1,75.0,nf4,16,2.0,45438468.096,2.839904256,0.7606208026409149,measured_here,3.7336662975029147,59.73866076004664
mixtral,1,75.0,nf4,32,2.0,45438468.096,1.419952128,0.7606208026409149,measured_here,1.8668331487514573,59.73866076004664
mixtral,1,75.0,nf4,64,2.0,45438468.096,0.709976064,0.7606208026409149,measured_here,0.9334165743757287,59.73866076004664
mixtral,1,75.0,nf4,128,2.0,45438468.096,0.354988032,0.7606208026409149,measured_here,0.46670828718786433,59.73866076004664
mixtral,8,0.0,fp16,16,7.144625,2517205254.144,157.32532838400002,2.2967424154281617,measured_here,68.49933511358574,1095.989361817372
mixtral,8,0.0,fp16,32,7.144625,2517205254.144,78.66266419200001,2.2967424154281617,measured_here,34.24966755679287,1095.989361817372
mixtral,8,0.0,fp16,64,7.144625,2517205254.144,39.331332096000004,2.2967424154281617,measured_here,17.124833778396436,1095.989361817372
mixtral,8,0.0,fp16,128,7.144625,2517205254.144,19.665666048000002,2.2967424154281617,measured_here,8.562416889198218,1095.989361817372
mixtral,8,12.5,fp16,16,7.144625,2202554597.376,137.659662336,2.2967424154281617,measured_here,59.93691822438752,958.9906915902003
mixtral,8,12.5,fp16,32,7.144625,2202554597.376,68.829831168,2.2967424154281617,measured_here,29.96845911219376,958.9906915902003
mixtral,8,12.5,fp16,64,7.144625,2202554597.376,34.414915584,2.2967424154281617,measured_here,14.98422955609688,958.9906915902003
mixtral,8,12.5,fp16,128,7.144625,2202554597.376,17.207457792,2.2967424154281617,measured_here,7.49211477804844,958.9906915902003
mixtral,8,25.0,fp16,16,7.144625,1887903940.608,117.993996288,2.2967424154281617,measured_here,51.37450133518931,821.9920213630289
mixtral,8,25.0,fp16,32,7.144625,1887903940.608,58.996998144,2.2967424154281617,measured_here,25.687250667594654,821.9920213630289
mixtral,8,25.0,fp16,64,7.144625,1887903940.608,29.498499072,2.2967424154281617,measured_here,12.843625333797327,821.9920213630289
mixtral,8,25.0,fp16,128,7.144625,1887903940.608,14.749249536,2.2967424154281617,measured_here,6.4218126668986635,821.9920213630289
mixtral,8,37.5,fp16,16,7.144625,1573253283.8400002,98.32833024000001,2.2967424154281617,measured_here,42.81208444599109,684.9933511358576
mixtral,8,37.5,fp16,32,7.144625,1573253283.8400002,49.16416512000001,2.2967424154281617,measured_here,21.406042222995545,684.9933511358576
mixtral,8,37.5,fp16,64,7.144625,1573253283.8400002,24.582082560000003,2.2967424154281617,measured_here,10.703021111497772,684.9933511358576
mixtral,8,37.5,fp16,128,7.144625,1573253283.8400002,12.291041280000002,2.2967424154281617,measured_here,5.351510555748886,684.9933511358576
mixtral,8,50.0,fp16,16,7.144625,1258602627.072,78.66266419200001,2.2967424154281617,measured_here,34.24966755679287,547.994680908686
mixtral,8,50.0,fp16,32,7.144625,1258602627.072,39.331332096000004,2.2967424154281617,measured_here,17.124833778396436,547.994680908686
mixtral,8,50.0,fp16,64,7.144625,1258602627.072,19.665666048000002,2.2967424154281617,measured_here,8.562416889198218,547.994680908686
mixtral,8,50.0,fp16,128,7.144625,1258602627.072,9.832833024000001,2.2967424154281617,measured_here,4.281208444599109,547.994680908686
mixtral,8,75.0,fp16,16,7.144625,629301313.536,39.331332096000004,2.2967424154281617,measured_here,17.124833778396436,273.997340454343
mixtral,8,75.0,fp16,32,7.144625,629301313.536,19.665666048000002,2.2967424154281617,measured_here,8.562416889198218,273.997340454343
mixtral,8,75.0,fp16,64,7.144625,629301313.536,9.832833024000001,2.2967424154281617,measured_here,4.281208444599109,273.997340454343
mixtral,8,75.0,fp16,128,7.144625,629301313.536,4.9164165120000005,2.2967424154281617,measured_here,2.1406042222995545,273.997340454343
mixtral,8,0.0,nf4,16,7.144625,649281630.240768,40.58010189004799,2.2967424154281617,measured_here,17.668547250860517,282.6967560137684
mixtral,8,0.0,nf4,32,7.144625,649281630.240768,20.290050945023996,2.2967424154281617,measured_here,8.834273625430258,282.6967560137684
mixtral,8,0.0,nf4,64,7.144625,649281630.240768,10.145025472511998,2.2967424154281617,measured_here,4.417136812715129,282.6967560137684
mixtral,8,0.0,nf4,128,7.144625,649281630.240768,5.072512736255999,2.2967424154281617,measured_here,2.2085684063575646,282.6967560137684
mixtral,8,12.5,nf4,16,7.144625,568121426.4606719,35.50758915379199,2.2967424154281617,measured_here,15.459978844502952,247.35966151204727
mixtral,8,12.5,nf4,32,7.144625,568121426.4606719,17.753794576895995,2.2967424154281617,measured_here,7.729989422251476,247.35966151204727
mixtral,8,12.5,nf4,64,7.144625,568121426.4606719,8.876897288447998,2.2967424154281617,measured_here,3.864994711125738,247.35966151204727
mixtral,8,12.5,nf4,128,7.144625,568121426.4606719,4.438448644223999,2.2967424154281617,measured_here,1.932497355562869,247.35966151204727
mixtral,8,25.0,nf4,16,7.144625,486961222.68057597,30.435076417535996,2.2967424154281617,measured_here,13.251410438145388,212.02256701032627
mixtral,8,25.0,nf4,32,7.144625,486961222.68057597,15.217538208767998,2.2967424154281617,measured_here,6.625705219072694,212.02256701032627
mixtral,8,25.0,nf4,64,7.144625,486961222.68057597,7.608769104383999,2.2967424154281617,measured_here,3.312852609536347,212.02256701032627
mixtral,8,25.0,nf4,128,7.144625,486961222.68057597,3.8043845521919994,2.2967424154281617,measured_here,1.6564263047681735,212.02256701032627
mixtral,8,37.5,nf4,16,7.144625,405801018.90048,25.362563681279997,2.2967424154281617,measured_here,11.042842031787824,176.68547250860522
mixtral,8,37.5,nf4,32,7.144625,405801018.90048,12.681281840639999,2.2967424154281617,measured_here,5.521421015893912,176.68547250860522
mixtral,8,37.5,nf4,64,7.144625,405801018.90048,6.340640920319999,2.2967424154281617,measured_here,2.760710507946956,176.68547250860522
mixtral,8,37.5,nf4,128,7.144625,405801018.90048,3.1703204601599997,2.2967424154281617,measured_here,1.380355253973478,176.68547250860522
mixtral,8,50.0,nf4,16,7.144625,324640815.120384,20.290050945023996,2.2967424154281617,measured_here,8.834273625430258,141.3483780068842
mixtral,8,50.0,nf4,32,7.144625,324640815.120384,10.145025472511998,2.2967424154281617,measured_here,4.417136812715129,141.3483780068842
mixtral,8,50.0,nf4,64,7.144625,324640815.120384,5.072512736255999,2.2967424154281617,measured_here,2.2085684063575646,141.3483780068842
mixtral,8,50.0,nf4,128,7.144625,324640815.120384,2.5362563681279995,2.2967424154281617,measured_here,1.1042842031787823,141.3483780068842
mixtral,8,75.0,nf4,16,7.144625,162320407.560192,10.145025472511998,2.2967424154281617,measured_here,4.417136812715129,70.6741890034421
mixtral,8,75.0,nf4,32,7.144625,162320407.560192,5.072512736255999,2.2967424154281617,measured_here,2.2085684063575646,70.6741890034421
mixtral,8,75.0,nf4,64,7.144625,162320407.560192,2.5362563681279995,2.2967424154281617,measured_here,1.1042842031787823,70.6741890034421
mixtral,8,75.0,nf4,128,7.144625,162320407.560192,1.2681281840639997,2.2967424154281617,measured_here,0.5521421015893911,70.6741890034421
mixtral,32,0.0,fp16,16,7.9971250000000005,2817559363.584,176.097460224,5.1612064123153685,measured_here,34.119437619043204,545.9110019046914
mixtral,32,0.0,fp16,32,7.9971250000000005,2817559363.584,88.048730112,5.1612064123153685,measured_here,17.059718809521602,545.9110019046914
mixtral,32,0.0,fp16,64,7.9971250000000005,2817559363.584,44.024365056,5.1612064123153685,measured_here,8.529859404760801,545.9110019046914
mixtral,32,0.0,fp16,128,7.9971250000000005,2817559363.584,22.012182528,5.1612064123153685,measured_here,4.2649297023804005,545.9110019046914
mixtral,32,12.5,fp16,16,7.9971250000000005,2465364443.136,154.085277696,5.1612064123153685,measured_here,29.854507916662804,477.6721266666049
mixtral,32,12.5,fp16,32,7.9971250000000005,2465364443.136,77.042638848,5.1612064123153685,measured_here,14.927253958331402,477.6721266666049
mixtral,32,12.5,fp16,64,7.9971250000000005,2465364443.136,38.521319424,5.1612064123153685,measured_here,7.463626979165701,477.6721266666049
mixtral,32,12.5,fp16,128,7.9971250000000005,2465364443.136,19.260659712,5.1612064123153685,measured_here,3.7318134895828505,477.6721266666049
mixtral,32,25.0,fp16,16,7.9971250000000005,2113169522.6880002,132.073095168,5.1612064123153685,measured_here,25.589578214282405,409.4332514285185
mixtral,32,25.0,fp16,32,7.9971250000000005,2113169522.6880002,66.036547584,5.1612064123153685,measured_here,12.794789107141202,409.4332514285185
mixtral,32,25.0,fp16,64,7.9971250000000005,2113169522.6880002,33.018273792,5.1612064123153685,measured_here,6.397394553570601,409.4332514285185
mixtral,32,25.0,fp16,128,7.9971250000000005,2113169522.6880002,16.509136896,5.1612064123153685,measured_here,3.1986972767853006,409.4332514285185
mixtral,32,37.5,fp16,16,7.9971250000000005,1760974602.24,110.06091264,5.1612064123153685,measured_here,21.324648511902,341.1943761904321
mixtral,32,37.5,fp16,32,7.9971250000000005,1760974602.24,55.03045632,5.1612064123153685,measured_here,10.662324255951,341.1943761904321
mixtral,32,37.5,fp16,64,7.9971250000000005,1760974602.24,27.51522816,5.1612064123153685,measured_here,5.3311621279755,341.1943761904321
mixtral,32,37.5,fp16,128,7.9971250000000005,1760974602.24,13.75761408,5.1612064123153685,measured_here,2.66558106398775,341.1943761904321
mixtral,32,50.0,fp16,16,7.9971250000000005,1408779681.792,88.048730112,5.1612064123153685,measured_here,17.059718809521602,272.9555009523457
mixtral,32,50.0,fp16,32,7.9971250000000005,1408779681.792,44.024365056,5.1612064123153685,measured_here,8.529859404760801,272.9555009523457
mixtral,32,50.0,fp16,64,7.9971250000000005,1408779681.792,22.012182528,5.1612064123153685,measured_here,4.2649297023804005,272.9555009523457
mixtral,32,50.0,fp16,128,7.9971250000000005,1408779681.792,11.006091264,5.1612064123153685,measured_here,2.1324648511902002,272.9555009523457
mixtral,32,75.0,fp16,16,7.9971250000000005,704389840.896,44.024365056,5.1612064123153685,measured_here,8.529859404760801,136.47775047617284
mixtral,32,75.0,fp16,32,7.9971250000000005,704389840.896,22.012182528,5.1612064123153685,measured_here,4.2649297023804005,136.47775047617284
mixtral,32,75.0,fp16,64,7.9971250000000005,704389840.896,11.006091264,5.1612064123153685,measured_here,2.1324648511902002,136.47775047617284
mixtral,32,75.0,fp16,128,7.9971250000000005,704389840.896,5.503045632,5.1612064123153685,measured_here,1.0662324255951001,136.47775047617284
mixtral,32,0.0,nf4,16,7.9971250000000005,726754218.3444481,45.422138646528005,5.1612064123153685,measured_here,8.800682440861959,140.8109190537913
mixtral,32,0.0,nf4,32,7.9971250000000005,726754218.3444481,22.711069323264002,5.1612064123153685,measured_here,4.400341220430979,140.8109190537913
mixtral,32,0.0,nf4,64,7.9971250000000005,726754218.3444481,11.355534661632001,5.1612064123153685,measured_here,2.2001706102154897,140.8109190537913
mixtral,32,0.0,nf4,128,7.9971250000000005,726754218.3444481,5.677767330816001,5.1612064123153685,measured_here,1.1000853051077448,140.8109190537913
mixtral,32,12.5,nf4,16,7.9971250000000005,635909941.0513921,39.74437131571201,5.1612064123153685,measured_here,7.700597135754214,123.20955417206741
mixtral,32,12.5,nf4,32,7.9971250000000005,635909941.0513921,19.872185657856004,5.1612064123153685,measured_here,3.850298567877107,123.20955417206741
mixtral,32,12.5,nf4,64,7.9971250000000005,635909941.0513921,9.936092828928002,5.1612064123153685,measured_here,1.9251492839385536,123.20955417206741
mixtral,32,12.5,nf4,128,7.9971250000000005,635909941.0513921,4.968046414464001,5.1612064123153685,measured_here,0.9625746419692768,123.20955417206741
mixtral,32,25.0,nf4,16,7.9971250000000005,545065663.7583361,34.066603984896005,5.1612064123153685,measured_here,6.600511830646469,105.6081892903435
mixtral,32,25.0,nf4,32,7.9971250000000005,545065663.7583361,17.033301992448003,5.1612064123153685,measured_here,3.3002559153232345,105.6081892903435
mixtral,32,25.0,nf4,64,7.9971250000000005,545065663.7583361,8.516650996224001,5.1612064123153685,measured_here,1.6501279576616172,105.6081892903435
mixtral,32,25.0,nf4,128,7.9971250000000005,545065663.7583361,4.258325498112001,5.1612064123153685,measured_here,0.8250639788308086,105.6081892903435
mixtral,32,37.5,nf4,16,7.9971250000000005,454221386.46528006,28.388836654080002,5.1612064123153685,measured_here,5.500426525538724,88.00682440861958
mixtral,32,37.5,nf4,32,7.9971250000000005,454221386.46528006,14.194418327040001,5.1612064123153685,measured_here,2.750213262769362,88.00682440861958
mixtral,32,37.5,nf4,64,7.9971250000000005,454221386.46528006,7.0972091635200005,5.1612064123153685,measured_here,1.375106631384681,88.00682440861958
mixtral,32,37.5,nf4,128,7.9971250000000005,454221386.46528006,3.5486045817600003,5.1612064123153685,measured_here,0.6875533156923405,88.00682440861958
mixtral,32,50.0,nf4,16,7.9971250000000005,363377109.17222404,22.711069323264002,5.1612064123153685,measured_here,4.400341220430979,70.40545952689565
mixtral,32,50.0,nf4,32,7.9971250000000005,363377109.17222404,11.355534661632001,5.1612064123153685,measured_here,2.2001706102154897,70.40545952689565
mixtral,32,50.0,nf4,64,7.9971250000000005,363377109.17222404,5.677767330816001,5.1612064123153685,measured_here,1.1000853051077448,70.40545952689565
mixtral,32,50.0,nf4,128,7.9971250000000005,363377109.17222404,2.8388836654080003,5.1612064123153685,measured_here,0.5500426525538724,70.40545952689565
mixtral,32,75.0,nf4,16,7.9971250000000005,181688554.58611202,11.355534661632001,5.1612064123153685,measured_here,2.2001706102154897,35.20272976344783
mixtral,32,75.0,nf4,32,7.9971250000000005,181688554.58611202,5.677767330816001,5.1612064123153685,measured_here,1.1000853051077448,35.20272976344783
mixtral,32,75.0,nf4,64,7.9971250000000005,181688554.58611202,2.8388836654080003,5.1612064123153685,measured_here,0.5500426525538724,35.20272976344783
mixtral,32,75.0,nf4,128,7.9971250000000005,181688554.58611202,1.4194418327040002,5.1612064123153685,measured_here,0.2750213262769362,35.20272976344783
